,타이틀,아티스트
0,I AM,IVE (아이브)
1,Kitsch,IVE (아이브)
2,UNFORGIVEN (feat. Nile Rodgers),LE SSERAFIM (르세라핌)
3,꽃,지수 (JISOO)
4,손오공,세븐틴 (SEVENTEEN)
5,파이팅 해야지 (Feat. 이영지),부석순 (SEVENTEEN)
6,Ditto,NewJeans
7,Hype boy,NewJeans
8,사람 Pt.2 (feat. 아이유),Agust D
9,OMG,NewJeans
10,FRIEND THE END,볼빨간사춘기
11,Teddy Bear,STAYC(스테이씨)
12,F*ck My Life,세븐틴 (SEVENTEEN)
13,사건의 지평선,윤하 (YOUNHA)
14,물론,허각
15,사랑은 늘 도망가,임영웅
16,I Don't Think That I Like Her,Charlie Puth
17,헤어지자 말해요,박재정
18,CHRISTIAN,Zior Park
19,빛이 나는 너에게,던 (DAWN)
20,심(心),DK(디셈버)
21,우리들의 블루스,임영웅
22,After LIKE,IVE (아이브)
23,ANTIFRAGILE,LE SSERAFIM (르세라핌)
24,다시 만날 수 있을까,임영웅
25,Heaven(2023),임재현
26,Love Me Like This,NMIXX
27,Attention,NewJeans
28,Like Crazy,지민
29,London Boy,임영웅
30,LOVE DIVE,IVE (아이브)
31,Cupid,FIFTY FIFTY
32,Polaroid,임영웅
33,Dangerously,Charlie Puth
34,이제 나만 믿어요,임영웅
35,먼지,세븐틴 (SEVENTEEN)
36,무지개,임영웅
37,NIGHT DANCER,imase
38,아버지,임영웅
39,사랑하지 않아서 그랬어,임한별
40,April shower,세븐틴 (SEVENTEEN)
41,나의 바람 (Wind And Wish),비투비
42,A bientot,임영웅
43,사랑인가 봐,멜로망스
44,인생찬가,임영웅
45,손이 참 곱던 그대,임영웅
46,Fire,세븐틴 (SEVENTEEN)
47,사랑하기 싫어,지아
48,I Don't Understand But I Luv U,세븐틴 (SEVENTEEN)
49,사랑해 진짜,임영웅
50,Dynamite,방탄소년단
51,연애편지,임영웅
52,너의 모든 순간,성시경
53,Nostalgia,우디 (Woody)
54,KNOCK,이채연
55,가질 수 없는 너,#안녕
56,밤이 무서워요 (Lonely Night),주주 시크릿
57,보금자리,임영웅
58,봄날,방탄소년단
59,건물 사이에 피어난 장미 (Rose Blossom),H1-KEY (하이키)
60,Candy,NCT DREAM
61,Perfume,NCT 도재정
62,해요 (2022),#안녕
63,Nxde,(여자)아이들
64,That's Hilarious,Charlie Puth
65,HOT,세븐틴 (SEVENTEEN)
66,발걸음,DK(디셈버)
67,Butter,방탄소년단
68,STAY,"The Kid LAROI, Justin Bieber"
69,Monologue,테이
70,VIBE (feat. Jimin of BTS),태양
71,Say I Love You,우디 (Woody)
72,FEARLESS,LE SSERAFIM (르세라핌)
73,Shut Down,BLACKPINK
74,안녕이라고 말하지마,V.O.S
75,취중고백,김민석 (멜로망스)
76,Zero,NewJeans
77,on the street (with J. Cole),"j-hope, J. Cole"
78,ELEVEN,IVE (아이브)
79,Pink Venom,BLACKPINK
80,새삥 (Prod. ZICO) (Feat. 호미들),지코 (ZICO)
81,너를 보는게 지친 하루에,송하예
82,TOMBOY,(여자)아이들
83,Permission to Dance,방탄소년단
84,그라데이션,10CM
85,내가 아니라도,주호
86,정이라고 하자 (Feat. 10CM),BIG Naughty (서동현)
87,나비무덤,포맨 (4MEN)
88,다정히 내 이름을 부르면,"경서예지, 전건호"
89,그때 그 순간 그대로 (그그그),WSG워너비 (가야G)
90,다시 사랑한다면,한동근
91,오르트구름,윤하 (YOUNHA)
92,Say My Name,Say Yes!
93,Cookie,NewJeans
94,해금,Agust D
95,Set Me Free Pt.2,지민
96,"모든 날, 모든 순간 (Every day, Every Moment)",폴킴
97,나의 마음에 (Seed),태양
98,빙글빙글 (Prod. R.Tee),헤이즈 (Heize)
99,그중에 그대를 만나,김호중
